{"stock_price": 28.899999618530273, "vix": 20.780000686645508, "irx": 0.03832000017166138}