{"stock_price": 183.22000122070312, "vix": 20.780000686645508, "irx": 0.03832000017166138}