{"stock_price": 252.2899932861328, "vix": 20.780000686645508, "irx": 0.03832000017166138}