{"spy_price": 664.3900146484375, "vix": 20.780000686645508, "irx": 0.03832000017166138}