{"stock_price": 6664.009765625, "vix": 20.780000686645508, "irx": 0.03832000017166138}